luas,rasio_aspek,sisi,circularity,label
5057.0,0.7904761904761904,6.0,0.22884781160189716,kertas
4689.0,0.8804347826086957,4.0,0.2158331933004493,kertas
34728.0,1.0,4.0,0.3811208420703891,kertas
10200.0,0.7309941520467836,6.0,0.39025213489392296,organik
10164.0,1.5476190476190477,4.0,0.25447061080736494,organik
20924.0,1.0869565217391304,3.0,0.061200506881867116,plastik
2315.5,2.2058823529411766,4.0,0.54753437015835,plastik
6098.5,0.2926829268292683,4.0,0.36162301048584294,plastik
